<?xml version="1.0" encoding="UTF-8"?>
<project-private xmlns="http://www.netbeans.org/ns/project-private/1">
    <editor-bookmarks xmlns="http://www.netbeans.org/ns/editor-bookmarks/2" lastBookmarkId="0"/>
    <open-files xmlns="http://www.netbeans.org/ns/projectui-open-files/2">
        <group>
            <file>file:/E:/012_kristina/Semester_2/PBO/TPROYEK/KoperasiApp/src/Controller/Server.java</file>
            <file>file:/E:/012_kristina/Semester_2/PBO/TPROYEK/KoperasiApp/src/View/Login.java</file>
            <file>file:/E:/012_kristina/Semester_2/PBO/TPROYEK/KoperasiApp/src/View/Menu.java</file>
        </group>
    </open-files>
</project-private>
